Week,inventory_remaining%,new_discount
Week1,93.37653451,19.94
Week2,86.16595776,21.62
Week3,70.10119289,22.7406728
Week4,56.17479287,23.02542455
Week5,43.91223427,23.4828214
Week6,32.9430368,24.21686691
Week7,23.05495326,25.39018209
Week8,14.29403091,27.25049292
Week9,7.078867833,30.15742507
Week10,0.00E+00,41.69589878
