Week,inventory_remaining%,new_discount
Week1,90.37653451,21.94
Week2,83.16595776,23.62
Week3,67.10119289,24.7406728
Week4,53.17479287,25.02542455
Week5,40.91223427,25.4828214
Week6,29.9430368,26.21686691
Week7,20.05495326,27.39018209
Week8,11.29403091,29.25049292
Week9,4.078867833,32.15742507
Week10,0.00E+00,43.69589878
