Week,inventory_remaining%,new_discount
Week1,88.37653451,24.94
Week2,81.16595776,26.62
Week3,65.10119289,27.7406728
Week4,51.17479287,28.02542455
Week5,38.91223427,28.4828214
Week6,27.9430368,29.21686691
Week7,18.05495326,30.39018209
Week8,9.29403091,32.25049292
Week9,2.078867833,35.15742507
Week10,0.00E+00,46.69589878
